1,Gyor
2,Budapest
3,Debrecen
4,Sopron
5,Debrecen
6,Debrecen
7,Debrecen
8,Budapest
9,Debrecen
10,Sopron
11,Budapest
12,Debrecen
13,Debrecen
14,Sopron
15,Gyor
16,Sopron
17,Budapest
18,Sopron
19,Budapest
20,Budapest
21,Gyor
22,Budapest
23,Budapest
24,Debrecen
25,Gyor
26,Budapest
27,Budapest
28,Debrecen
29,Debrecen
30,Debrecen
31,Budapest
32,Budapest
33,Debrecen
34,Debrecen
35,Debrecen
36,Budapest
37,Gyor
38,Budapest
39,Debrecen
40,Sopron
41,Debrecen
42,Gyor
43,Gyor
44,Budapest
45,Budapest
46,Budapest
47,Debrecen
48,Gyor
49,Sopron
50,Budapest
51,Budapest
52,Budapest
53,Debrecen
54,Debrecen
55,Sopron
56,Budapest
57,Budapest
58,Debrecen
59,Budapest
60,Debrecen
61,Budapest
62,Sopron
63,Budapest
64,Budapest
65,Debrecen
66,Sopron
67,Gyor
68,Debrecen
69,Budapest
70,Budapest
71,Budapest
72,Gyor
73,Sopron
74,Budapest
75,Debrecen
76,Budapest
77,Debrecen
78,Debrecen
79,Budapest
80,Budapest
81,Sopron
82,Debrecen
83,Debrecen
84,Debrecen
85,Budapest
86,Debrecen
87,Budapest
88,Budapest
89,Sopron
90,Sopron
91,Debrecen
92,Gyor
93,Budapest
94,Debrecen
95,Budapest
96,Budapest
97,Budapest
98,Budapest
99,Sopron
100,Debrecen
101,Gyor
102,Debrecen
103,Sopron
104,Debrecen
105,Debrecen
106,Debrecen
107,Budapest
108,Gyor
109,Budapest
110,Budapest
111,Budapest
112,Gyor
113,Budapest
114,Budapest
115,Budapest
116,Sopron
117,Budapest
118,Debrecen
119,Budapest
120,Debrecen
121,Debrecen
122,Gyor
123,Budapest
124,Sopron
125,Gyor
126,Gyor
127,Debrecen
128,Gyor
129,Debrecen
130,Debrecen
131,Debrecen
132,Debrecen
133,Budapest
134,Debrecen
135,Budapest
136,Debrecen
137,Gyor
138,Budapest
139,Gyor
140,Gyor
141,Gyor
142,Budapest
143,Gyor
144,Budapest
145,Sopron
146,Budapest
147,Sopron
148,Debrecen
149,Debrecen
150,Budapest
151,Budapest
152,Budapest
153,Budapest
154,Budapest
155,Budapest
156,Budapest
157,Sopron
158,Budapest
159,Budapest
160,Budapest
161,Sopron
162,Debrecen
163,Sopron
164,Debrecen
165,Budapest
166,Sopron
167,Budapest
168,Debrecen
169,Budapest
170,Debrecen
171,Budapest
172,Debrecen
173,Debrecen
174,Budapest
175,Debrecen
176,Sopron
177,Debrecen
178,Debrecen
179,Budapest
180,Debrecen
181,Sopron
182,Budapest
183,Budapest
184,Budapest
185,Debrecen
186,Budapest
187,Debrecen
188,Debrecen
189,Budapest
190,Debrecen
191,Sopron
192,Budapest
193,Budapest
194,Budapest
195,Gyor
196,Gyor
197,Budapest
198,Budapest
199,Budapest
200,Budapest
201,Budapest
202,Debrecen
203,Budapest
204,Debrecen
205,Gyor
206,Debrecen
207,Gyor
208,Debrecen
209,Budapest
210,Debrecen
211,Budapest
212,Debrecen
213,Budapest
214,Budapest
215,Budapest
216,Budapest
217,Debrecen
218,Budapest
219,Gyor
220,Gyor
221,Budapest
222,Budapest
223,Budapest
224,Budapest
225,Budapest
226,Gyor
227,Gyor
228,Budapest
229,Debrecen
230,Budapest
231,Debrecen
232,Sopron
233,Budapest
234,Debrecen
235,Budapest
236,Budapest
237,Debrecen
238,Budapest
239,Debrecen
240,Debrecen
241,Sopron
242,Budapest
243,Gyor
244,Debrecen
245,Budapest
246,Budapest
247,Gyor
248,Sopron
249,Debrecen
250,Gyor
251,Budapest
252,Budapest
253,Budapest
254,Debrecen
255,Budapest
256,Sopron
257,Budapest
258,Debrecen
259,Budapest
260,Gyor
261,Budapest
262,Debrecen
263,Budapest
264,Budapest
265,Debrecen
266,Budapest
267,Budapest
268,Budapest
269,Debrecen
270,Gyor
271,Gyor
272,Budapest
273,Debrecen
274,Debrecen
275,Debrecen
276,Debrecen
277,Budapest
278,Budapest
279,Debrecen
280,Budapest
281,Budapest
282,Budapest
283,Debrecen
284,Debrecen
285,Budapest
286,Gyor
287,Gyor
288,Debrecen
289,Budapest
290,Budapest
291,Sopron
292,Gyor
293,Budapest
294,Budapest
295,Sopron
296,Gyor
297,Budapest
298,Gyor
299,Debrecen
300,Sopron
301,Budapest
302,Debrecen
303,Sopron
304,Budapest
305,Budapest
306,Budapest
307,Debrecen
308,Budapest
309,Debrecen
310,Gyor
311,Debrecen
312,Sopron
313,Gyor
314,Budapest
315,Budapest
316,Sopron
317,Debrecen
318,Budapest
319,Sopron
320,Gyor
321,Gyor
322,Sopron
323,Debrecen
324,Gyor
325,Gyor
326,Budapest
327,Budapest
328,Budapest
329,Debrecen
330,Budapest
331,Sopron
332,Debrecen
333,Budapest
334,Debrecen
335,Budapest
336,Debrecen
337,Sopron
338,Gyor
339,Budapest
340,Debrecen
341,Debrecen
342,Debrecen
343,Debrecen
344,Budapest
345,Sopron
346,Debrecen
347,Sopron
348,Debrecen
349,Debrecen
350,Gyor
351,Debrecen
352,Debrecen
353,Debrecen
354,Debrecen
355,Debrecen
356,Budapest
357,Budapest
358,Budapest
359,Debrecen
360,Sopron
361,Budapest
362,Budapest
363,Budapest
364,Budapest
365,Budapest
366,Sopron
367,Budapest
368,Gyor
369,Budapest
370,Budapest
371,Budapest
372,Budapest
373,Budapest
374,Sopron
375,Budapest
376,Budapest
377,Debrecen
378,Debrecen
379,Gyor
380,Debrecen
381,Debrecen
382,Budapest
383,Sopron
384,Debrecen
385,Budapest
386,Debrecen
387,Debrecen
388,Budapest
389,Debrecen
390,Gyor
391,Debrecen
392,Sopron
393,Debrecen
394,Budapest
395,Gyor
396,Sopron
397,Sopron
398,Budapest
399,Budapest
400,Gyor
401,Budapest
402,Debrecen
403,Budapest
404,Gyor
405,Debrecen
406,Sopron
407,Sopron
408,Debrecen
409,Debrecen
410,Budapest
411,Budapest
412,Debrecen
413,Gyor
414,Budapest
415,Debrecen
416,Budapest
417,Debrecen
418,Debrecen
419,Debrecen
420,Gyor
421,Debrecen
422,Budapest
423,Debrecen
424,Gyor
425,Sopron
426,Sopron
427,Budapest
428,Budapest
429,Debrecen
430,Budapest
431,Gyor
432,Budapest
433,Sopron
434,Sopron
435,Gyor
436,Budapest
437,Sopron
438,Budapest
439,Gyor
440,Budapest
441,Debrecen
442,Debrecen
443,Sopron
444,Gyor
445,Gyor
446,Budapest
447,Debrecen
448,Gyor
449,Sopron
450,Budapest
451,Budapest
452,Debrecen
453,Budapest
454,Debrecen
455,Budapest
456,Budapest
457,Gyor
458,Sopron
459,Gyor
460,Budapest
461,Budapest
462,Debrecen
463,Budapest
464,Sopron
465,Gyor
466,Debrecen
467,Budapest
468,Gyor
469,Sopron
470,Budapest
471,Gyor
472,Budapest
473,Sopron
474,Debrecen
475,Debrecen
476,Budapest
477,Debrecen
478,Budapest
479,Budapest
480,Sopron
481,Sopron
482,Budapest
483,Debrecen
484,Budapest
485,Gyor
486,Budapest
487,Gyor
488,Debrecen
489,Budapest
490,Debrecen
491,Debrecen
492,Budapest
493,Budapest
494,Budapest
495,Sopron
496,Debrecen
497,Budapest
498,Sopron
499,Gyor
500,Sopron
501,Budapest
502,Gyor
503,Budapest
504,Gyor
505,Gyor
506,Debrecen
507,Sopron
508,Budapest
509,Budapest
510,Debrecen
511,Budapest
512,Sopron
513,Gyor
514,Budapest
515,Budapest
516,Gyor
517,Budapest
518,Debrecen
519,Debrecen
520,Budapest
521,Budapest
522,Debrecen
523,Debrecen
524,Budapest
525,Debrecen
526,Budapest
527,Budapest
528,Budapest
529,Sopron
530,Budapest
531,Gyor
532,Sopron
533,Debrecen
534,Budapest
535,Debrecen
536,Gyor
537,Debrecen
538,Sopron
539,Debrecen
540,Debrecen
541,Debrecen
542,Budapest
543,Sopron
544,Budapest
545,Budapest
546,Sopron
547,Debrecen
548,Gyor
549,Budapest
550,Debrecen
551,Budapest
552,Budapest
553,Budapest
554,Debrecen
555,Sopron
556,Budapest
557,Debrecen
558,Debrecen
559,Debrecen
560,Debrecen
561,Debrecen
562,Budapest
563,Budapest
564,Budapest
565,Sopron
566,Budapest
567,Sopron
568,Budapest
569,Budapest
570,Gyor
571,Budapest
572,Debrecen
573,Debrecen
574,Debrecen
575,Sopron
576,Debrecen
577,Budapest
578,Budapest
579,Gyor
580,Budapest
581,Debrecen
582,Budapest
583,Sopron
584,Gyor
585,Budapest
586,Debrecen
587,Debrecen
588,Gyor
589,Debrecen
590,Gyor
591,Debrecen
592,Debrecen
593,Debrecen
594,Sopron
595,Debrecen
596,Debrecen
597,Budapest
598,Debrecen
599,Budapest
600,Sopron
601,Budapest
602,Budapest
603,Debrecen
604,Debrecen
605,Debrecen
606,Budapest
607,Debrecen
608,Gyor
609,Gyor
610,Budapest
611,Budapest
612,Gyor
613,Debrecen
614,Debrecen
615,Debrecen
616,Debrecen
617,Budapest
618,Gyor
619,Budapest
620,Gyor
621,Sopron
622,Budapest
623,Debrecen
624,Budapest
625,Gyor
626,Gyor
627,Debrecen
628,Gyor
629,Budapest
630,Gyor
631,Budapest
632,Debrecen
633,Gyor
634,Budapest
635,Debrecen
636,Debrecen
637,Debrecen
638,Sopron
639,Gyor
640,Gyor
641,Gyor
642,Gyor
643,Budapest
644,Sopron
645,Budapest
646,Debrecen
647,Gyor
648,Debrecen
649,Debrecen
650,Debrecen
651,Budapest
652,Sopron
653,Debrecen
654,Budapest
655,Debrecen
656,Sopron
657,Debrecen
658,Budapest
659,Budapest
660,Debrecen
661,Debrecen
662,Budapest
663,Budapest
664,Sopron
665,Sopron
666,Gyor
667,Sopron
668,Budapest
669,Budapest
670,Budapest
671,Gyor
672,Debrecen
673,Budapest
674,Debrecen
675,Budapest
676,Budapest
677,Gyor
678,Budapest
679,Budapest
680,Budapest
681,Sopron
682,Budapest
683,Debrecen
684,Budapest
685,Gyor
686,Budapest
687,Budapest
688,Debrecen
689,Budapest
690,Debrecen
691,Gyor
692,Budapest
693,Budapest
694,Budapest
695,Budapest
696,Debrecen
697,Budapest
698,Budapest
699,Sopron
700,Sopron
701,Debrecen
702,Budapest
703,Budapest
704,Debrecen
705,Gyor
706,Budapest
707,Budapest
708,Debrecen
709,Budapest
710,Budapest
711,Budapest
712,Budapest
713,Debrecen
714,Debrecen
715,Gyor
716,Budapest
717,Budapest
718,Debrecen
719,Sopron
720,Gyor
721,Debrecen
722,Budapest
723,Budapest
724,Budapest
725,Budapest
726,Gyor
727,Debrecen
728,Budapest
729,Budapest
730,Debrecen
731,Debrecen
732,Sopron
733,Budapest
734,Debrecen
735,Budapest
736,Debrecen
737,Debrecen
738,Debrecen
739,Debrecen
740,Sopron
741,Debrecen
742,Sopron
743,Debrecen
744,Budapest
745,Sopron
746,Budapest
747,Budapest
748,Sopron
749,Debrecen
750,Sopron
751,Budapest
752,Gyor
753,Budapest
754,Debrecen
755,Debrecen
756,Debrecen
757,Debrecen
758,Debrecen
759,Budapest
760,Budapest
761,Debrecen
762,Budapest
763,Debrecen
764,Gyor
765,Budapest
766,Budapest
767,Budapest
768,Gyor
769,Sopron
770,Budapest
771,Budapest
772,Budapest
773,Debrecen
774,Debrecen
775,Sopron
776,Sopron
777,Budapest
778,Budapest
779,Sopron
780,Gyor
781,Budapest
782,Debrecen
783,Debrecen
784,Budapest
785,Budapest
786,Debrecen
787,Debrecen
788,Debrecen
789,Debrecen
790,Sopron
791,Debrecen
792,Sopron
793,Budapest
794,Budapest
795,Gyor
796,Budapest
797,Gyor
798,Budapest
799,Budapest
800,Gyor
801,Gyor
802,Budapest
803,Debrecen
804,Debrecen
805,Sopron
806,Budapest
807,Budapest
808,Budapest
809,Budapest
810,Budapest
811,Budapest
812,Debrecen
813,Budapest
814,Debrecen
815,Budapest
816,Budapest
817,Budapest
818,Budapest
819,Budapest
820,Debrecen
821,Budapest
822,Budapest
823,Gyor
824,Budapest
825,Debrecen
826,Debrecen
827,Debrecen
828,Budapest
829,Budapest
830,Debrecen
831,Budapest
832,Budapest
833,Budapest
834,Budapest
835,Budapest
836,Debrecen
837,Budapest
838,Debrecen
839,Budapest
840,Sopron
841,Budapest
842,Debrecen
843,Budapest
844,Budapest
845,Budapest
846,Budapest
847,Sopron
848,Gyor
849,Budapest
850,Gyor
851,Debrecen
852,Sopron
853,Budapest
854,Budapest
855,Sopron
856,Debrecen
857,Sopron
858,Sopron
859,Budapest
860,Budapest
861,Gyor
862,Budapest
863,Debrecen
864,Budapest
865,Budapest
866,Debrecen
867,Debrecen
868,Gyor
869,Gyor
870,Budapest
871,Debrecen
872,Budapest
873,Debrecen
874,Debrecen
875,Gyor
876,Gyor
877,Sopron
878,Budapest
879,Sopron
880,Budapest
881,Budapest
882,Sopron
883,Debrecen
884,Gyor
885,Debrecen
886,Budapest
887,Sopron
888,Budapest
889,Budapest
890,Budapest
891,Debrecen
892,Sopron
893,Gyor
894,Gyor
895,Sopron
896,Debrecen
897,Budapest
898,Budapest
899,Budapest
900,Sopron
901,Budapest
902,Sopron
903,Debrecen
904,Debrecen
905,Sopron
906,Gyor
907,Gyor
908,Sopron
909,Budapest
910,Budapest
911,Debrecen
912,Gyor
913,Sopron
914,Debrecen
915,Debrecen
916,Debrecen
917,Debrecen
918,Gyor
919,Debrecen
920,Budapest
921,Budapest
922,Debrecen
923,Budapest
924,Gyor
925,Budapest
926,Budapest
927,Sopron
928,Sopron
929,Budapest
930,Gyor
931,Sopron
932,Debrecen
933,Sopron
934,Gyor
935,Budapest
936,Debrecen
937,Sopron
938,Sopron
939,Budapest
940,Budapest
941,Gyor
942,Budapest
943,Sopron
944,Debrecen
945,Gyor
946,Debrecen
947,Budapest
948,Budapest
949,Debrecen
950,Budapest
951,Gyor
952,Gyor
953,Budapest
954,Budapest
955,Sopron
956,Debrecen
957,Budapest
958,Debrecen
959,Gyor
960,Budapest
961,Sopron
962,Gyor
963,Debrecen
964,Debrecen
965,Gyor
966,Budapest
967,Debrecen
968,Gyor
969,Sopron
970,Gyor
971,Debrecen
972,Budapest
973,Budapest
974,Gyor
975,Debrecen
976,Budapest
977,Budapest
978,Debrecen
979,Sopron
980,Debrecen
981,Gyor
982,Budapest
983,Budapest
984,Debrecen
985,Budapest
986,Debrecen
987,Budapest
988,Gyor
989,Debrecen
990,Gyor
991,Debrecen
992,Debrecen
993,Gyor
994,Gyor
995,Gyor
996,Budapest
997,Budapest
998,Budapest
999,Budapest
1000,Debrecen
